날짜,제목,본문,링크
2025-12-20 21:29:00,"尹, 김건희 특검 첫 조사 8시간 반 만에 종료...""혐의 사실 부인""","윤석열 전 대통령이 부인 김건희 여사의 각종 의혹을 수사 중인 민중기 특별검사팀에 피의자 신분으로 전격 출석했다. 퇴임 후 특검의 대면 조사를 받은 것은 이번이 처음으로, 윤 전 대통령은 8시간 넘게 이어진 조사에서 제기된 혐의를 대부분 부인한 것으로 알려졌다.  윤 전 대통령은 이날 오전 9시 30분경 법무부 호송차를 타고 광화문 특검팀 사무실에 도착해 오전 10시부터 본격적인 조사를 받았다. 특검팀은 정치자금법 위반과 뇌물 수수 등 총 6가지 피의사실을 확인하기 위해 160여 쪽에 달하는 질문지를 준비해 파상공세를 펼쳤다.  조사 대상 혐의는 △윤 전 대통령과 김 여사가 정치 브로커 명태균 씨로부터 2억7000만 원 상당의 여론조사 결과를 무상으로 받은 정치자금법 위반 △김상민 전 부장검사로부터 공천 및 공직 인사 청탁 대가로 1억4000만 원 상당의 이우환 그림을 받은 특정범죄가중처벌법상 뇌물 공범 △2021년 말 대선 후보 시절 공개 토론회에서 김 여사 관련 허위 사실 공표(공직선거법 위반) △이봉관 서희건설 회장, 이배용 전 국가교육위원장, 로봇개 사업가 서성빈 씨로부터 고가 금품과 청탁 수수 관여 의혹 등이다.  ■ 尹 ""죄 성립하지 않는다"" 적극 소명…진술 거부 없이 대응  조사는 오후 5시 10분경 마무리되었으며 윤 전 대통령은 약 1시간 동안 조서를 열람한 뒤 오후 6시 30분경 퇴실했다. 윤 전 대통령 측 변호인단은 조사 종료 후 기자들과 만나 ""진술 거부권 행사 없이 아는 부분에 대해 성실히 답변했다""고 밝혔다.  윤 전 대통령은 조사 과정에서 사실관계는 인정하면서도 법리적으로 죄가 성립하지 않는다는 취지로 적극적인 방어권을 행사한 것으로 전해졌다. 변호인단은 ""원활하게 답변이 이뤄져 조사가 빨리 끝났다""며 ""(윤 전 대통령이) 특검 검사들한테 '그동안 수고가 많았다'며 따뜻하게 말씀하셨다. 분위기가 좋았다""고 전했다.  특검팀의 수사 기한이 오는 28일 종료됨에 따라 이번 소환은 사실상 처음이자 마지막 조사가 될 가능성이 크다. 특검팀은 남은 기간 이날 확보한 진술과 증거 자료를 토대로 윤 전 대통령과 김 여사의 공범 관계를 입증하는 데 주력할 방침이다.",https://n.news.naver.com/mnews/article/123/0002374221
2025-12-20 21:19:00,1203회 로또 1등 21명…각 13.7억원씩·전북 1곳서 자동 2장 당첨,"제 1203회 로또복권 1등 당첨번호 6개는 '3, 6, 18, 29, 35, 39'로 나타났다. 2등 보너스 번호는 '24'이다  6개 번호를 모두 맞춘 1등 당첨자는 모두 21명으로 각각 13억6806만733원씩 받는다. 당첨번호 5개와 보너스 번호 1개를 맞춘 2등은 118명으로 당첨금은 각 4057만8073원이다.  이어 ▲5개 번호를 맞춘 3등은 133만4508원(3588명) ▲4개 번호를 맞춘 4등은 5만원(17만1960명) ▲3개 번호를 맞춘 5등은 5000원(278만4823명)씩 받는다.  이번 주 1등 당첨번호 6개가 모두 일치한 21명의 구매 방식은 모두 자동12명, 수동 8명, 반자동 1명으로 집계됐다. 당첨지역은 부산 1곳, 대구 2곳, 인천 1곳, 울산 2곳, 경기 9곳, 강원 2곳, 전북 2곳, 전남 1곳, 경남 1곳 등 총 21곳이다.  1등 당첨자 21명 가운데 자동선택으로 구매한 12곳의 판매점은 △와이에스컴퍼니(대구 남구 두류공원로 105 1층) △일등커피로또판매점(대구 수성구 동대구로 371 1층,일등커피숍내) △동성슈퍼(울산 울주군 북문1길 7 101호) △지에스25(울산우정선경점)로또(울산 중구 우정3길 12) △두근두근로또복권(경기 고양시 일산동구 일산로 453 1층 106호) △만물전파사(경기 남양주시 마석중앙로 74) △영앤로또(경기 남양주시 다산중앙로123번길 47 메트로3단지 상기 106호) △행운복권방(경기 의정부시 충의로 55) △터미널식품(경기 의정부시 동일로 640) △진평양행(강원 강릉시 임영로 107) △행복한복권방(전북 전주시 덕진구 혁신로 465) △행복한복권방(전북 전주시 덕진구 혁신로 465) 이다.  수동선택은 8곳으로 판매점은 △대왕로또(부산 영도구 남항로 35) △대박슈퍼(인천 부평구 경원대로 1438) △행복점빵(경기 고양시 덕양구 지축1로 41 108호) △동하인터내셔날(경기 남양주시 진건오남로884번길 23 105,106호) △행운모아 복권방(경기 수원시 권선구 서수원로577번길 305 제상가동 비205호) △노다지복권(강원 횡성군 문정로 52) △황금알복권(전남 광양시 광포로 39 1층 (광영동)) △행복로또방(경남 김해시 김해대로2529번길 31 100-3호 복권판매점) 이다.  나머지 1명은 반자동 선택으로 판매점은 △일주일행복로또(경기 수원시 장안구 파장로82번길 3) 이다.  이번 1203회차까지 1등 누적 당첨자수는 1만65명이다. 역대 최고 당첨금액은 407억2295만9400원이다.  당첨금 지급 기한은 지급 개시일로부터 1년 이내다. 당첨금 지급 마지막 날이 휴일이면 다음 영업일까지 받을 수 있다.",https://n.news.naver.com/mnews/article/123/0002374220
2025-12-20 15:38:00,"백해룡, 임은정과 나눈 메시지 공개…“파견 해제는 입막음용""","'세관 마약 수사 외압 의혹'을 수사 중인 검경 합동수사단(합수단)을 둘러싼 내부 갈등이 공개 충돌로 번지고 있다. 합수단이 백해룡 경정의 파견 해제를 검토 중인 것으로 알려지자, 의혹 제기 당사자인 백 경정이 임은정 서울동부지검장과 대검찰청을 향해 ""수사를 방해하기 위한 치밀한 빌드업""이라고 강하게 반발했다.  20일 검찰 등에 따르면 임 지검장 지휘 아래 활동 중인 합수단은 대검찰청에 백 경정의 파견 해제를 요청하는 방안을 검토 중이다. 당초 백 경정의 파견 기한은 지난달 14일까지였으나, 동부지검이 연장을 요청해 내년 1월 14일까지로 연장된 상태다.  백 경정은 이날 페이스북을 통해 이번 파견 해제 논의에 대해 ""대검과 동부지검이 제 입을 틀어막고 수사 기회를 차단하기 위한 작업을 오래전부터 해왔다""고 주장했다.  그는 임 지검장의 부임과 합수단 운영 과정을 '3단계 은폐 전술'로 분석하며, 이번 사태를 배후 세력이 치밀하게 설계한 결과물이라고 비판했다.  먼저 1단계 전술은 마약 게이트 노출을 꺼리는 배후 세력이 '반골 검사' 이미지를 가진 임 지검장을 서울동부지검장에 발탁한 것이고 2단계는 국민적 의구심이 커지자 '정의로운 반검찰주의자'로 포장해 합수단에 사건을 맡기는 전략이었다.  마지막 3단계는 백 경정을 합수단에 가둬두고 임 지검장이 ""사건의 실체가 없다""는 결론을 내게 하여 국민적 의혹을 잠재우려는 계산이었다는 설명이다.  그는 ""이런 흐름을 우려해 완곡하게 메시지를 전했으나 임 지검장은 사건의 기초도 모른 채 '백해룡이 마약 조직에 속았다'며 폭주하고 있다""고 지적했다.  ◆ 임은정 지검장과의 텔레그램 대화 공개  백 경정은 자신의 주장을 뒷받침하기 위해 임 지검장과 나눈 텔레그램 대화 내용도 공개했다. 메시지에서 임 지검장은 ""고발인(백 경정)은 수사 주체가 될 수 없다""는 법리적 입장을 견지한 반면 백 경정은 ""대검과 국수본 모두 수사 대상이며 꼼수로 꾸려진 합수팀은 물러나야 한다""고 맞섰다.  수사 결과에 대해서도 날 선 공방이 이어졌다. 합수단 측이 ""백 경정이 마약 조직원에게 속았다""는 근거로 든 영상 자료 등에 대해선 ""기초적인 의문을 해소하기 위한 절차였고 초기 축소·허위 진술도 현장 검증을 통해 바로잡았다""고 반박했다.  특히 백 경정은 합수단 내에서의 '조직적 고립'을 호소했다. 그는 ""5명의 우리 팀 인원을 동부지검에 가둬두고 통신수사와 압수수색 영장을 모두 차단했다""며 ""손발을 묶어놓고 '성과를 내보라'고 조롱해서는 안 된다""고 토로했다.  한편, 이번 사건은 백 경정이 제기한 세관원의 마약 밀수 조력 의혹으로 시작됐다. 최근 합수단은 밀수범들의 허위 진술을 종용하는 정황이 담긴 영상을 공개하며 세관 연루설에 대해 일부 무혐의 결론을 내렸다. 이에 백 경정은 세관 가담 증거가 차고 넘친다며 관세청과 검찰청 등을 상대로 압수수색 영장을 신청하는 등 강력히 반발하고 있다.",https://n.news.naver.com/mnews/article/123/0002374219
2025-12-20 13:51:00,"“미군 공격 시 가차 없다”...美, 시리아 IS 70여 곳 정밀 타격","미국이 지난주 시리아에서 발생한 미군 장병 피격 사건에 대해 사상 초유의 대대적인 보복 공습을 감행했다. 도널드 트럼프 대통령이 공언했던 '매우 심각한 보복'이 현실화되면서 중동 내 테러 세력을 향한 미국의 군사적 압박이 최고조에 달하고 있다.  19일(현지시간) 로이터통신 등에 따르면 미 중부사령부는 이날 성명을 통해 ""전투기, 공격헬기, 포병 전력을 동원해 시리아 중부 전역의 IS 목표물 70여 곳을 타격했다""고 밝혔다.  작전에는 F-15 이글, A-10 선더볼트, AH-64 아파치 공격헬기와 하이마스 로켓 시스템이 투입됐으며 인접국 요르단의 전투기도 합동 작전에 참여해 100발 이상의 정밀 유도탄을 쏟아부었다.  피트 헤그세스 미 국방장관은 엑스(옛 트위터)를 통해 이번 작전을 '호크아이 공습작전'으로 명명했다. 이는 팔미라에서 테러 공격으로 전사한 미군 병사 2명의 고향인 아이오와주의 별칭(호크아이 주)에서 따온 것이다.  헤그세스 장관은 ""이번 공습은 전쟁의 시작이 아니라 복수 선언""이라며 ""오늘 우리는 적들을 추적해 사살했고 앞으로도 응징은 계속될 것""이라고 단언했다.  도널드 트럼프 대통령 역시 소셜미디어를 통해 ""내가 약속한 대로 미국인을 공격한 사악한 테러리스트들에게 이전보다 더 강력한 타격을 가하고 있다""며 ""시리아 정부도 이번 공습을 전적으로 지지했다""고 밝혔다. 이어 ""미국인을 공격하는 테러리스트는 반드시 대가를 치르게 될 것""이라고 경고했다.  이번 공습은 지난 13일 팔미라에서 야전 정찰 중이던 미군과 시리아군 호송대를 겨냥한 매복 공격에 대한 대응으로, 당시 미군 하사 2명과 미국인 민간 통역사 1명이 사망했다. 시리아 내무부는 극단주의 성향으로 인해 해임 예정이었던 시리아 보안군 소속 대원이 이번 테러를 저지른 것으로 파악하고 있다.  현재 시리아에는 약 1000명의 미군이 주둔하며 IS 잔당 제거 및 치안 유지 임무를 수행 중이다.  IS는 최근 1년간 미국 내 목표를 겨냥한 최소 11건의 공격 모의를 선동하는 등 위협을 지속해 왔으며 미군은 이에 대응해 지난 6개월간 작전을 통해 반군 119명을 억류하고 14명을 사살한 바 있다.",https://n.news.naver.com/mnews/article/123/0002374218
2025-12-20 12:47:00,몽환적 풍경에 감탄...삼성이 꼽은 숨은 산책길 '임한리 솔밭공원',"충북 보은군 탄부면 임한리에 자리한 임한리 솔밭공원은 겨울철 상고대와 안개에 휩싸인 노송 숲으로 몽환적인 절경을 선사하는 대표적인 겨울 명소다. 수령 250년이 넘은 소나무 100여 그루가 빼곡히 들어선 이곳은 사계절 내내 아름답지만 겨울이면 한층 신비로운 분위기로 여행객의 발길을 붙잡는다.  이러한 자연경관의 가치를 인정받아 '아름다운 충북환경 명소 100선'과 '삼성물산 패션부문이 선정한 숨은 산책코스 10곳'에 이름을 올리며 힐링 산책지로 자리매김했다.  약 250여 년 전 마을을 보호하기 위한 방풍림으로 조성된 이 숲은 오늘날 13만㎡ 규모의 거대한 자연 쉼터가 됐다. 오랜 세월을 견뎌온 노송들은 저마다 하늘을 향해 휘어지거나 땅으로 낮게 드리워진 모습으로 독특한 자태를 뽐낸다.   솔밭공원의 진면목은 12월의 이른 아침에 드러난다. 기온이 급격히 떨어지며 안개가 나뭇가지에 얼어붙는 상고대 현상이 나타나면 숲은 일순간 동화 속 설국으로 변신한다.  이 신비로운 순간을 담기 위해 전국 각지의 사진가들이 밤새 운전해 이곳을 찾는다. 주차장에서 솔밭으로 들어서면 왼편에 자리한 소나무와 숲길 안쪽에 독특하게 누워 자란 노송 주변이 대표적인 촬영 포인트다. 빛과 안개, 소나무의 실루엣이 어우러지며 시시각각 다른 풍경을 만들어낸다.   산책로는 눈길과 서릿길에도 비교적 안전하도록 잘 정비되어 있으며 평탄한 흙길로 이루어져 있어 남녀노소 누구나 약 1시간이면 여유롭게 돌아볼 수 있다. 숲 중심부에는 팔각정이 있어 잠시 쉬어가며 숲의 고요함을 만끽하기 좋다.  대중교통 접근성도 나쁘지 않다. 보은 시내에서 224·212·222번 버스를 이용해 '임한리앞' 정류장에서 하차하면 도보로 솔밭공원에 닿을 수 있다.   임한리 솔밭공원과 함께 둘러보기 좋은 겨울 명소들도 인근에 자리하고 있다.  속리산 오리숲길과 법주사는 겨울에도 걷기 좋은 산책 코스와 고찰의 고요함을 동시에 느낄 수 있는 곳이다. 속리산 터미널에서 법주사 입구까지 이어지는 약 2km 길이의 오리숲길은 거대한 소나무와 참나무들이 하늘을 가릴 만큼 울창해 겨울에도 운치를 잃지 않는다. 숲길 끝에서 만나는 법주사에서는 국보 팔상전과 거대한 금동미륵대불이 설경 속에서 장엄한 위용을 자아낸다.   독수리봉은 보은의 숨은 전망 명소다. 독수리가 날개를 펼친 듯한 독특한 지형이 특징이다. 겨울이면 눈 덮인 능선과 호수가 어우러져 탁 트인 절경을 선사한다. 등산로가 비교적 완만해 가벼운 트레킹으로도 정상에 오를 수 있으며 겨울 산행이 부담스럽다면 독수리봉 인근 전망대까지 차를 타고 올라가도 된다.  신라시대의 축성 기술을 엿볼 수 있는 삼년산성 역시 겨울에 더욱 매력적인 장소다. 눈 덮인 성벽 위를 따라 걷다 보면 보은 일대의 설경이 한눈에 들어온다. 특히 1월 1일 해맞이 명소로도 유명해 한 해를 마무리하고 새로운 시작을 다짐하기에 더없이 좋은 곳으로 꼽힌다.  ⸰주소_충청북도 보은군 탄부면 임한리 116-1 ⸰입장료_무료 ⸰주차_인근 공터 ⸰대중교통_보은군 시내 224·212·222번 버스→ 임한리앞 하차 ⸰운영 시간_연중무휴",https://n.news.naver.com/mnews/article/123/0002374217
2025-12-20 11:58:00,홀로 남겨진 10대 아들…딸 셋 데리고 몰래 이사간 친모 '집행유예',"미성년 자녀를 홀로 남겨둔 채 다른 자식들만 데리고 몰래 이사를 가버린 40대 친모가 징역형의 집행유예를 선고받았다. 이사 후 친모가 집주인에게 아들을 내쫓아달라는 취지의 메시지까지 보낸 것으로 드러나 충격을 주고 있다.  청주지법 형사5단독 강건우 부장판사는 20일 아동복지법 위반(아동유기·방임) 혐의로 기소된 40대 여성 A씨에게 징역 10개월에 집행유예 2년을 선고하고 아동학대 재범 예방 강의 40시간 수강을 명령했다.  A씨는 지난 3월 25일부터 28일까지 3일 동안 충북 청주시 흥덕구의 기존 주거지 2층에 중학생 아들(16)을 홀로 남겨둔 채 딸 3명과 함께 다른 주택 1층으로 이사한 혐의를 받았다.  조사 결과, A씨는 아들에게 이사 사실을 알리지 않았고 새로운 주거지 위치를 숨기기 위해 휴대전화 번호까지 바꾼 것으로 확인됐다.  또한 이사 당일 기존 집주인에게 ""아들을 내일 집에서 내보내 달라""는 문자를 보냈다. 사실상 아들을 거리에 내앉게 하려 했던 셈이다.  엄마가 사라진 사실을 알게 된 아들은 난방조차 되지 않는 빈집에서 3일 동안 식사도 제대로 하지 못한 채 지내다 집주인의 신고로 경찰에 발견됐다.  재판부는 A씨의 행위가 아동의 안전을 심각하게 위협했다는 점을 분명히 했다. 강 부장판사는 판결문에서 ""자녀를 유기하고 방임한 죄책이 결코 가볍지 않고 범행 후의 정황을 보더라도 비난 가능성이 매우 크다""고 지적했다.  다만 양형 이유에 대해 ""피고인이 피해 아동 외에도 세 딸을 책임져야 하는 상황이고 오래전부터 생활고에 시달려온 점 등을 참작했다""고 덧붙였다.  검찰은 1심 판결의 형량이 너무 가볍다며 법원에 항소장을 제출한 상태다.",https://n.news.naver.com/mnews/article/123/0002374216
2025-12-20 11:08:00,"주병기 공정위원장 “쿠팡, 소비자 피해 회복 미흡 시 영업정지 검토""","주병기 공정거래위원장이 최근 쿠팡의 대규모 개인정보 유출 사태와 관련해 영업정지 처분 가능성을 시사했다.  주 위원장은 19일 오후 KBS '뉴스라인W'에 출연해 ""소비자 정보 도용과 재산상 손해 발생 여부를 확인하는 것이 우선""이라면서도 ""쿠팡이 피해 회복 조치를 적절히 실행하지 않을 경우 영업정지 처분을 부과할 수 있다""고 밝혔다.  다만, 영업정지가 소비자에게 과도한 불편을 초래할 수 있는 점을 고려해 과징금 부과 가능성도 열어두었다. 주 위원장은 ""영업정지가 오히려 소비자에게 피해를 줄 가능성이 있다면 과징금 부과 등 다른 제재 방안을 고려할 수 있다""며 제재의 실효성과 소비자 편익 사이에서 균형을 맞추겠다는 의중을 내비쳤다.  이번 발언은 최근 국회 청문회에서 김범석 창업주가 불출석하고 실무 책임자급이 답변을 회피하는 등 쿠팡 측 대응이 미온적이라는 비판이 고조되는 가운데 나왔다.  현재 관계 부처 합동조사반은 중국인 퇴사자에 의해 유출된 정보가 보이스피싱 등 2차 피해로 확산되는 정황을 집중 조사 중이다. 주 위원장은 ""합동 조사 결과를 공유한 후 쿠팡의 대책 이행 여부를 판단할 것""이라며 ""개인정보 유출에 대한 책임을 묻는 것이 첫 번째 할 일""이라고 강조했다.  주 위원장은 공정위의 강제조사권 확보 방안에 대해서도 구체적인 로드맵을 제시했다.  그는 ""현재는 피조사자가 자료 제출 등에 협조하지 않아도 고발 외에는 별다른 강제 수단이 없다""며 ""미국·일본의 압수수색 권한이나 EU의 강력한 조사 거부 과징금 제도 도입을 검토 중""이라고 밝혔다.  이어 ""기업이 법 위반으로 얻는 이득보다 처벌로 인한 손실이 훨씬 커야 법 위반 억제력이 생긴다""고 강조했다.",https://n.news.naver.com/mnews/article/123/0002374215
2025-12-20 10:18:00,"""추위 모두에게 똑같지 않다”…李대통령, 취약계층 난방 지원 확대","이재명 대통령이 연말을 맞아 취약계층을 대상으로 한 난방비와 먹거리·생필품 지원을 대폭 강화하겠다고 20일 밝혔다.  이 대통령은 이날 자신의 페이스북에 '민생이 흔들리는 겨울철, 더 어려운 국민의 삶을 더 안전하게 지키겠다'는 제목의 글을 올렸다.  이 대통령은 ""같은 추위라도 모두에게 똑같은 고통의 무게로 다가오지는 않는다""며 ""더 어려운 국민에게 더 많은 온기가 전해지도록 정부의 책임 있는 역할이 필요하다""고 강조했다.  가장 시급한 과제로는 급등한 난방비 문제를 꼽았다. 그는 ""최근 등유와 LPG를 사용하는 취약계층의 부담이 커지고 있다""며 ""에너지 바우처 지원금을 대폭 늘려 실질적인 난방비 고통을 경감하겠다""고 약속했다. 이는 겨울철 에너지 가격 변동에 민감한 저소득층의 생존권을 보장하겠다는 구상이다.  연말 물가 안정과 먹거리 기본권 보장에 대한 대책도 구체적으로 제시했다. 이 대통령은 ""연말 장바구니 물가 걱정을 완화하기 위해 농·축·수산물 할인행사를 대대적으로 진행하겠다""고 밝혔다.  특히 먹거리와 생필품을 지원받을 수 있는 '그냥드림' 사업의 확대를 선언했다. 그는 ""배고픔으로 세상을 등지는 안타까운 일만큼은 꼭 사라지게 만들겠다""며 먹거리 문제만큼은 국가가 끝까지 책임지겠다는 '기본사회' 철학을 다시 한번 확인했다.  아울러 단순히 소득 지원에 그치지 않고 안전, 돌봄, 주거, 이동 등 삶의 전 영역을 아우르는 '종합적 대책'의 필요성을 역설했다. 그는 ""틈새 없이 두툼한 '사회 안전 매트리스'로 복지 사각지대에 놓인 국민을 지키는 적극적이고 촘촘한 행정이 요구된다""고 주문했다.  이어 공직자들을 향해서는 무거운 책임감을 당부했다. 이 대통령은 ""한 사람의 공직자가 어떻게 행동하느냐에 따라 국민 삶은 크게 개선될 수도, 벼랑으로 내몰릴 수도 있다""며 ""모든 공직자가 힘을 모아 국민이 따뜻한 겨울을 보낼 수 있도록 해달라""고 독려했다.",https://n.news.naver.com/mnews/article/123/0002374214
2025-12-20 09:57:00,“크게 도우면 크게 요구”…통일교 '공천·대권 야심' 법정서 공개,"한학자 통일교(세계평화통일가정연합) 총재의 정치자금법 및 청탁금지법 위반 혐의 재판에서 통일교가 정치권 전반에 영향력을 행사하려 한 구체적인 정황이 담긴 내부 문건들이 법정에서 공개됐다.  서울중앙지법 형사합의27부(우인성 부장판사) 심리로 19일 열린 공판에서 특검팀은 제20대 대선을 5개월 앞둔 2021년 10월 작성된 통일교 고위 간부들의 내부 회의록을 증거로 제출했다.  회의록에 따르면 통일교 관계자들은 ""목표는 청와대에 보좌진으로 들어가는 것""이라며 ""여든 야든 우리에게 국회의원 공천권을 줘야 한다""는 구체적인 목표를 세웠다. 한 간부는 ""이러한 기반 다지기가 쉽지 않지만 여기까지 가야 안착할 수 있다""며 ""이렇게 가면 2027년 대권에도 도전할 수 있지 않겠느냐""고 언급한 것으로 나타났다.  특검팀은 이날 증인으로 출석한 엄윤형 통일교 세계본부 신통일한국처장에게 ""2021년 10월부터 대통령 선거에서 지지 후보를 계획했냐""고 묻자 엄 처장은 ""논의한 것 같다""고 인정했다. 그는 이러한 논의가 윤영호 전 세계본부장의 정치적 영향력 강화 의지에 따른 것이라고 덧붙였다.  ■ 국민의힘 1만명 당원 가입 정황도 공개  또한 통일교가 2023년 국민의힘 전당대회를 앞두고 교인들을 대규모로 국민의힘 당원으로 가입시키려 시도한 정황도 공개됐다.  당시 '프로젝트 진행 상황'이라는 문건에는 전국 1만1010명의 교인이 국민의힘 당원으로 등록했으며 국민의힘 로고도 포함돼 있었다. 엄 처장은 ""윤 전 본부장의 지시에 따라 진행된 것""이라고 말했다.  이날 재판에서는 통일교 원로인 윤정로 전 세계일보 부회장과 윤 전 본부장이 주고받은 카카오톡 메시지도 공개됐다.  메시지에는 권성동 국민의힘 의원과의 접촉, 당시 대선 후보였던 윤석열 전 대통령과의 연결 시도 내용이 포함됐다. 윤 전 부회장은 ""크게 도우면 크게 요구할 수 있다""며 국회의원 공천이나 영사·대사 자리 가능성도 언급했다.  이에 대해 윤 전 부회장은 법정에서 ""권 의원을 통일교 행사에 초대해 통일교의 요구사항을 전달하려 했다""고 전하면서도 ""대사직이나 공천 요구는 개인적으로 품어온 꿈을 말한 것일 뿐""이라며 확대 해석을 경계했다.  특검은 이러한 일련의 움직임이 단순한 종교 활동을 넘어 정치권 전반에 영향력을 끼치려 한 '정교유착'의 전형이라고 보고 있다. 특히 대선을 앞두고 특정 후보를 선택해 지원하고 그 대가로 인사권과 공천권을 확보하려 한 점에 주목하고 있다.",https://n.news.naver.com/mnews/article/123/0002374213
2025-12-20 09:09:00,"푸틴, 전선 장악 자신감…""서방이 존중하면 추가 침공 없다""","블라디미르 푸틴 러시아 대통령이 러시아의 이익이 존중된다는 전제하에 추가적인 군사 작전은 없을 것이라고 단언하면서도, 현재의 전황 우위를 바탕으로 우크라이나와 서방에 강경한 요구 조건을 내걸었다.  19일(현지시간) BBC·로이터통신 등에 따르면 푸틴 대통령은 모스크바에서 열린 연례 기자회견 겸 대국민 질의 응답 프로그램 '다이렉트 라인(Direct Line)'에서 4시간 30분 넘게 80여 개 질문에 답하며 우크라이나 전쟁, 서방과의 관계, 국내 경제 상황 등 폭넓은 주제를 다뤘다.  푸틴 대통령은 우크라이나 전쟁과 관련해 ""우리는 우크라이나 측에서 대화 의지가 있다는 신호를 받고 있지만 그들은 여전히 영토 문제를 논의할 준비가 되어 있지 않다""고 지적하며 분쟁의 '근본 원인' 해결이 선행되어야 함을 못 박았다.  이어 ""러시아군이 전략적 주도권을 완전히 장악했다. 적은 모든 구역에서 후퇴하고 있으며 연말까지 전선에서 새로운 승리를 거둘 것""이라고 자신감을 드러내며 서방의 양보를 압박했다.  러시아는 우크라이나가 점령지 전부와 크림반도를 러시아 영토로 인정하고 동부 미점령 지역에서 철수해야 한다는 입장을 고수하고 있다. 여기에 나토(NATO) 가입 포기, 외국 병력 주둔 불가, 군 규모 제한, 러시아어의 공식 지위 부여 등 기존 요구 조건도 재확인했다.  ■ 트럼프·시진핑엔 '우호', EU엔 '강도짓' 비난  대외 관계에 대해서는 극명한 온도 차를 보였다.  푸틴 대통령은 도널드 트럼프 미국 대통령에 대해 ""분쟁 종식을 위해 진지하고 진정성 있는 노력을 기울이고 있다""며 ""지난 8월 앵커리지 정상회담 당시 그의 제안에 사실상 동의했다""고 밝혔다.  시진핑 중국 국가주석에 대해서도 ""신뢰할 수 있는 친구""라며 중·러 관계가 세계 안정의 핵심 축임을 강조했다. 이어 ""첨단 기술 분야와 군사 분야에서 협력이 진행 중""이라고 덧붙였다.  반면 유럽연합(EU)과 나토를 향해서는 날 선 비판을 쏟아냈다.  러시아의 유럽 침공설을 ""터무니없는 주장""이라 일축하며 나토의 동진 확장에 대해 ""약속이 거짓이었다""고 비난했다. 이어 ""나토 군사 시설이 러시아 국경으로 확장되는 것은 과거에도, 지금도 우려를 불러일으키고 있다""고 주장했다.  또한 ""서방이 러시아를 존중하고 이익을 인정한다면 우크라이나 이후 추가 군사작전은 없을 것""이라고 단언했다.  특히 EU가 러시아 동결 자산을 우크라이나 지원에 활용하려는 움직임에 대해 ""명백한 강도 행위""라고 규정하며 이는 유로존에 대한 투자 신뢰를 훼손하고 심각한 결과를 초래할 것이라고 경고했다.  ■ 국내 현안 대응 및 민심 달래기 안간힘  집권 25년 차를 맞은 푸틴 대통령은 이번 행사를 통해 국내 현안 해결 능력도 과시했다.  연금 지급 지연을 호소하는 군인 유가족에게는 즉각 사과하고 해결을 약속했으며 물가 상승, 인터넷 중단 등 시민들의 불편 사항에 대해서도 대응 방안을 검토하겠다고 밝혔다.  이날 이례적으로 행사장 스크린에는 ""이 행사는 서커스다"", ""수돗물 질 문제를 해결하라""는 등 시민들의 비판적인 메시지가 노출되기도 했다. 이는 장기화된 전쟁과 경제난에 따른 국민적 불안을 완화하고 소통하는 지도자 이미지를 구축하려는 의도로 풀이된다.",https://n.news.naver.com/mnews/article/123/0002374212
2025-12-20 07:34:00,엔비디아 훈풍에 뉴욕증시 상승…오라클 6.6%·AMD 6.1%↑,"인공지능(AI) 관련주 강세가 이어지며 뉴욕증시 주요 3대 지수가 일제히 상승했다. 도널드 트럼프 행정부의 엔비디아 AI 칩 대중 수출 허용 검토 소식과 오라클의 틱톡 관련 호재가 맞물리며 기술주 전반의 투자심리를 끌어올렸다.  19일(현지시간) 뉴욕증권거래소(NYSE)에서 다우존스30산업평균지수는 전 거래일보다 183.04포인트(0.38%) 오른 4만8134.89에 거래를 마쳤다. 스탠더드앤드푸어스(S&P)500지수는 59.74포인트(0.88%) 상승한 6834.50, 기술주 중심의 나스닥지수는 301.26포인트(1.31%) 뛴 2만3307.62에 각각 장을 마감했다.  AI 기술주에 대한 투자심리가 회복되면서 증시 전반이 강세를 보였다.  특히 오라클은 틱톡이 미국 사업부를 오라클과 사모펀드 실버레이크가 참여하는 신규 합작법인에 매각하기로 했다는 소식이 전해지며 주가가 6.63% 급등했다.최근 클라우드 인프라 사업에서 부채 부담 우려로 주가가 약세를 보였던 오라클은 급반등에 성공했다.  ■ 엔비디아 칩 수출 중국 허용 호재…AI주 전방위 상승세  엔비디아도 전일 대비 3.93% 상승하며 거래를 마쳤다. 로이터통신은 트럼프 행정부가 엔비디아의 최신 H200 AI 칩을 중국에 판매하는 방안을 검토 중이라고 보도했다.  이와 함께 AMD(+6.15%), 브로드컴(+3.18%), 마이크론테크놀로지(+6.99%), 팔란티어(+4.14%)도 동반 상승했다. 특히 마이크론은 호실적과 강한 분기 전망으로 전날 10% 폭등한 데 이어 이날도 상승세를 이어갔다.  대형 기술주(M7)도 대체로 오름세를 보였다. 아마존(+0.26%), 애플(+0.54%), 알파벳(+1.55%), 마이크로소프트(+0.40%) 등이 상승했다.  반면 테슬라는 최근 한 달간 주가가 20% 이상 급등하며 사상 최고가를 경신한 이후 차익 실현 매물이 나오며 0.45% 하락했다. 메타(-0.85%) 역시 약세를 나타냈다.  양자컴퓨팅 관련주인 아이온Q(+4.39%),디웨이브(+7.75%)도 강세 흐름을 탔다.  나이키는 중국 시장 매출 부진과 관세 인상으로 인한 마진 악화 전망이 투자심리를 짓누르며 10.5% 폭락했다.  RBC 웰스매니지먼트의 톰 개럿슨 수석 포트폴리오전략가는 CNBC 인터뷰에서 ""AI 관련 대형 기술기업들의 자금 조달이 향후 시장에 부담을 줄 수 있다""며 ""다만 이들은 신용도가 높은 우량 기업으로, 부채 확대를 통해 성장 투자를 뒷받침할 여력이 충분하다""고 분석했다.  시장 변동성은 크게 완화됐다. '공포지수'로 불리는 시카고옵션거래소(CBOE)의 변동성지수(VIX)는 1.96포인트(11.62%) 하락한 14.91을 기록했다. 이는 시장의 불안심리가 크게 완화됐음을 보여준다.",https://n.news.naver.com/mnews/article/123/0002374211
2025-12-20 07:03:00,"'코스닥 활성화' 위해...""상장심사·폐지 재설계 및 연기금 진입 유도""","금융당국이 코스닥 시장 활성화를 위해 '다산다사(多産多死)' 구조로 상장심사·상장폐지 제도를 재설계한다. 혁신기업의 원활한 상장과 부실기업의 엄정·신속한 퇴출을 유도하기 위함이다. 이와 함께 핵심기술 분야 대상 맞춤형 기술특례상장 도입 및 주요 연기금 운용평가에 코스닥지수를 반영해서 연기금의 코스닥시장 투자 유인을 높이는 방안도 추진된다.  금융위원회는 19일 대통령 업무보고 후 출입기자들을 만나 이 같은 내용이 포함된 '코스닥 시장 신뢰·혁신 제고 방안'을 추진한다고 발표했다. 여기에는 4개 기본방향을 토대로 17개 세부과제가 담겼다.  금융위 관계자는 ""이는 코스닥 시장이 국민에게 신뢰받는 시장이자 혁신기업의 성장플랫폼으로 거듭나도록 근본적인 체질개선을 추진해 '코스피 4,000시대' 흐름을 자본시장 전체로 연결·확산시키기 위한 목적""이라고 설명했다.  그동안 코스닥 시장은 상장기업수·시가총액 등 외형은 커졌으나 IT버블 이후 추락한 시장신뢰를 완전히 회복하지 못한 상황이다. 이로 인해 코스닥 지수는 1996년 7월 출범시(1,000pt)보다 낮으며, 부실기업의 퇴출지연, 기관투자자 투자기피 등의 현상이 나타나고 있다. 이에 우리 혁신·벤처 생태계의 핵심 인프라인 코스닥 시장 본연의 역할 제고가 시급한 시점이다.  금융위에 따르면, 코스닥시장 시총은 2005년(32조원) 대비 현재 489조원으로 15배, 상장기업수는 917개에서 1,731개로 1.9배 증가했다.  당국은 우선 혁신기업이 원활하게 상장하고 부실기업은 엄정·신속하게 퇴출되도록 '다산다사(多産多死) 구조의 상장심사·상장폐지 제도'를 설계하기로 했다. 그 일환으로 AI·우주산업·에너지(에너지저장장치 및 신재생에너지) 등 국가적으로 중요한 핵심기술 분야에 맞춤형 기술특례상장 제도를 전면 도입한다.   현재는 바이오산업에 한해서만 별도 맞춤형 기술성·성장성 상장심사 기준이 마련돼 있다. 이를 연내 AI·우주산업·에너지 3개 산업으로 확대하고 내년 중 산업 분야를 순차적으로 넓혀나간다는 계획이다.  거래소의 기술기업 상장심사 때 분야별 기술 자문역 제도를 도입해 전문성과 신속성을 높이기로 했다. 자문역은 AI(10명), 우주(10명), 에너지저장장치(5명), 신재생에너지(5명), 바이오(10명), 기타 IT·로봇·소재(20명) 등 약 60명이다.  거래소의 상장폐지 심사 당담 팀을 기존 3개(16명)에서 4개(약 20명)로 확대해 신속하게 심사를 진행하고 부실기업의 조기퇴출을 시장에 확립해 나갈 계획이다.  올 7월, 상장폐지 절차와 기간을 대폭 단축하고 감사의견·시가총액·매출액 상장폐지 요건을 강화하는 등 제도를 개선한 바 있다. 이를 기반으로 금년 코스닥 상장폐지 결정 건수(38개)는 최근 3년 평균(15개)의 약 2.5배 수준으로 늘었다. 제도개선에 따라 내년 1월부터 시가총액 상장폐지 요건이 기존 40억원에서 150억원으로 상향조정된다.  기술특례상장 기업이 상장폐지 면제 유예기간 동안 상장심사를 받은 기술과 무관한 사업으로 주된 사업을 바꾸는 경우를 상장폐지 심사 사유로 추가한다.  또, 벤처캐피탈(벤처투자조합 및 신기술투자조합)로부터 투자를 받는 경우 뒤늦게 위반사실이 확인되는 공모규제를 완화할 계획이다. 이는 기업이 성장 초기 투자를 받는 과정에서 의도치 않게 증권신고서 제출 등의 공모규제를 위반하고 이로 인해 향후 상장절차가 지연되는 것을 방지하기 위함이다.   한국거래소 내 코스닥 본부의 독립성·자율성·경쟁력 강화를 통해 코스피 시장과의 내부경쟁 체계를 확립하고 자체 혁신노력을 촉진한다.  현재 코스닥 시장은 외부위원 중심의 코스닥시장위원회를 별도로 구성해 상장·상장폐지를 최종 결정하고 업무규정 개정을 자체 의결하는 등 코스피 시장과는 별도의 독립성·자율성이 일정부분 부여되어 있다.  이번 방안에서는 ▲코스닥시장위원회의 전문성과 객관성을 강화하기 위한 위원의 경력·전문성 요건 신설 ▲한국거래소 코스닥 본부의 혁신노력 촉진을 위해 평가체계 대폭 개편 ▲거래소 경영평가시 코스닥본부 사업은 여타 본부와 별도 독립평가 및 그 결과에 따라 추가 인센티브 지급 구조로 변경 ▲코스닥 본부의 전면적인 조직·인력 진단을 실시 및 결과에 따라 조직·인력 확충·재배치 등이 포함됐다.  금융위 관계자는 ""이를 통해 한국거래소 내 코스피 시장과의 내부경쟁 체계를 확고히 정립할 것으로 기대한다""고 말했다.  기관투자자 진입여건 조성을 통해 안정적인 기관투자자 참여로 시장신뢰를 높여 투자자 참여를 촉진하는 선순환을 구축한다.   현재 코스닥 시장은 개인투자자가 주도하는 시장이며 기관투자자 비중(거래대금 기준)은 4.5% 수준으로 코스피의 3분의 1에도 미치지 못하고 있다. 따라서 코스닥시장의 안정성과 신뢰확보를 위해서는 기관투자자 기반 확충이 중요한 과제이므로 이번 방안에서는 기관투자자의 진입유인을 대폭 확대한다.  코스닥 시장의 핵심 기관투자자인 코스닥벤처펀드의 세제혜택의 경우 한도(현 3000만원)를 확대하고, 내년 3월 법 시행을 앞둔 BDC(기업성장집합투자기구) 세제혜택 신설을 적극 검토한다.  또한 코스닥벤처펀드 공모주 우선배정 비율을 25%에서 30%로 확대하고, BDC의 경우 기존 자산운용사(42개사)는 별도 인가절차 없이 즉시 BDC 운용을 허용하고 VC(벤처캐피탈)도 BDC를 운용할 수 있도록 인가요건을 탄력 적용하는 등 조속한 상품출시를 지원할 계획이다.  아울러 대형IB의 모험자본 공급의무 이행실적에 코스닥벤처펀드와 BDC 투자를 포함해 수요기반을 넓혔다. 세제지원의 구체적인 내용은 내년초 정부합동으로 준비 중인 경제성장전략에서 발표될 예정이다.  이와 함께 국민연금·공무원연금 등 주요 연기금의 코스닥 참여유인을 제고할 계획이다. 기금운용평가시 기준수익률(현 코스피 지수)에 코스닥 지수를 일정비율 반영함으로써 연기금이 국내주식 투자 시 코스닥 투자를 고려하게 하는 방안이다. 2026년도 기금운용평가지침 마련 시 구체화될 예정이다.  한편, 증권사의 코스닥 기업 대상 리서치 보고서와 코스닥 기업의 기업가치 제고 계획 공시를 확대한다. 최근 발행어음·IMA(종합투자계좌) 인가·지정을 받은 5개 종합금융투자사업자는 모험자본 확대의 일환으로 오는 2028년까지 코스닥 리서치 보고서 전담인력(평균 4.6명→9.2명) 및 발행수(평균 396건→621건) 확대 계획을 세웠다.  특례상장(기술특례, 이익미실현) 기업의 경우 상장폐지 면제 특례를 적용받기 위해서는 기업가치 제고 계획을 공시해야 하도록 개편한다. 기업가치 제고 계획 공시의 경우 내년 2분기 거래소 규정개정 후 상장을 신청하는 기업부터 적용될 예정이다.  모·자회사 중복상장, IPO시 공모가 과열 등 주요 이슈에 대한 심사기준 명확화 및 투자자 보호 강화도 추진된다.  그간 중복상장에 대한 심사기준이 불명확하여 예측가능성 및 투자자보호 측면에서 문제가 지적되어 왔다. 이러한 문제 해소를 위해 중복상장의 세부 심사기준을 상장규정에 반영한다.  현재는 쪼개기 중복상장(분할 후 중복상장)에 대해서만 강화된 기준을 명시하고 있는데, 향후 분할 외 중복상장(인수·신설)에 대해서도 세부 심사기준을 규정화해 예측가능성을 제고한다.  또 IPO시 주관사의 공모가 산정에 대한 책임성 제고를 위해 풋백옵션 활용도를 높여나갈 계획이다. 주관사가 IPO시 기업의 추정실적으로 공모가를 산출한 경우 추정치와 실제실적 간 괴리율을 주관사별로 비교공시해 주관사가 공모가 산정시 추정실적을 과대평가할 가능성을 견제한다.  아울러 현재 IPO 공모가의 적격성 제고 및 중·장기 투자자 확충을 목적으로 국회에 발의되어 있는 코너스톤투자자 및 사전수요예측 제도 도입을 위한 자본시장법 개정안의 입법논의도 적극 지원할 예정이다.  이억원 금융위원장은 ""우리나라에 AI 등 혁신산업 생태계가 제대로 조성되려면 코스닥시장 역할이 중요하다""면서 ""혁신·벤처기업의 요람인 코스닥시장이 성장플랫폼이 될 수 있도록 근본적인 체질 개선을 추진하겠다""고 강조했다.",https://n.news.naver.com/mnews/article/123/0002374210
2025-12-20 07:01:00,'창업·콘텐츠' 세제지원 확대…지방이전 기업 혜택 강화 [2026 달라지는 세제-⑥기업세금감면],"1. 창업중소기업 세액감면 범위 확대 (조특법)  소규모 창업중소기업 기준을 연간 수입금액 8000만원 이하에서 1억400만원 이하인 기업으로 완화한다. (적용시기: 2026년 1월 1일 이후 개시하는 과세연도분부터 적용)  2. 영상콘텐츠 제작비용 세액공제율 확대 (조특법)  영상콘텐츠 제작비용에 대한 세액공제율을 기존 5%에서 10%로 상향한다. (적용시기: 2026년 1월 1일 이후 발생하는 비용분부터 적용)  3. 문화산업전문회사 출자 세액공제 확대 (조특법)  문화산업전문회사에 출자하는 경우 세액공제 적용 대상을 중소기업과 중견기업에서 대기업까지 확대한다. (적용시기: 2026년 1월 1일 이후 개시하는 사업연도에 출자하는 분부터 적용)  4. 웹툰콘텐츠 제작비용 세액공제 신설 (조특법)  웹툰콘텐츠 제작비용의 10%에 해당하는 금액을 해당 웹툰콘텐츠가 처음 정보통신망에 공개된 과세연도의 소득세 또는 법인세에서 공제한다. 아울러 중소기업의 경우 공제율은 15%를 적용한다. (적용시기: 2026년 1월 1일 이후 발생하는 비용분부터 적용)  5. 고용지원을 통한 통합고용세액공제 제도 합리화 (조특법)  통합고용세액공제를 적용받은 과세연도의 상시근로자 수 이상으로 고용을 유지하거나 확대한 경우 더 많은 공제금액을 적용한다.  상시근로자 수가 감소한 경우에도 이미 공제받은 금액은 추징하지 않는다. 아울러 중소기업이 아닌 기업은 최소고용증가인원수를 초과해 상시근로자 수가 증가한 경우에만 세액공제를 적용한다.   6. 지방이전 기업 세제지원 제도 개선 (조특법)  기업이 공장이나 본사를 수도권 밖 성장촉진지역 등으로 이전하는 경우 최초로 소득이 발생한 과세연도 개시일부터 10년간 감면대상 소득에 대해 법인세를 전액 감면하고 이후 5년간은 법인세의 50%를 감면한다.  감면 한도는 이전기업의 지방 투자금액과 본사 또는 공장의 상시근로자 수와 연계해 적용한다. 지방 투자와 고용을 연계한 감면한도를 신설하며 지방 투자누계액의 70%와 지방근무 상시근로자 1인당 1500만원을 합산해 산정한다.  청년 서비스업의 경우 1인당 2000만원을 적용하며, 감면받은 후 2년 이내 상시근로자 수가 감소하면 감면세액을 추징한다. (적용시기: 2026년 1월 1일 이후 공장이나 본사를 이전하는 분부터 적용)  다만, 경과조치로는 2025년 12월 31일 이전 기존 공장이나 본사를 철거하거나 폐쇄하는 등 지방이전에 착수한 경우 종전 규정 적용한다.   7. 중고차 매입세액공제 한도 신설 (조특법)  중고자동차 매입세액공제 특례에 공제한도를 신설하고 매출액에서 세금계산서 매입액을 차감한 금액을 기준으로 한다. 공제받지 못한 세액은 2개 과세기간인 1년간 이월공제를 허용한다. (적용시기: 2026년 7월 1일 이후 개시하는 과세기간분부터 적용)  <출처 : 2025 핵심 개정세법 -한국세무사회>",https://n.news.naver.com/mnews/article/123/0002374209
2025-12-20 07:00:00,로이터 “스페이스X IPO 주관사 선정 착수…모건스탠리에 무게”,"일론 머스크 최고경영자(CEO)가 이끄는 우주 탐사 기업 스페이스X가 기업공개(IPO)를 앞두고 주관사단 선정을 위한 절차에 착수했다.  19일(현지시간) 로이터통신은 복수의 소식통을 인용해 모건스탠리, 골드만삭스, JP모건 등이 주관사 자리를 두고 경쟁 중이라고 보도했다.  관계자들에 따르면 머스크와의 장기적 신뢰 관계를 고려할 때 모건스탠리가 '리드 레프트(lead left)' 주간사 자리를 차지할 가능성이 크다는 관측이 나온다.  머스크와 모건스탠리의 인연은 15년 이상 이어져왔다. 모건스탠리는 2010년 테슬라 상장 때 골드만삭스(리드 레프트), JP모건, 도이치은행과 함께 주관사로 참여했으며 2022년에는 트위터(현재 X) 인수 자금 조달을 주도했다.  최근 머스크는 당시 트위터 인수 자문을 맡았던 모건스탠리 출신 앤서니 암스트롱을 인공지능(AI) 기업 xAI의 최고재무책임자(CFO)로 영입했다. 또 머스크의 개인 자산을 관리하는 가족오피스 '엑세션(Excession)'을 이끄는 재러드 버칠 역시 전 모건스탠리 출신 인사다.  이 같은 인적 네트워크가 머스크의 신뢰를 강화하며 모건스탠리가 상장 주관사 경쟁에서 우위를 점하고 있다는 분석이다.  소식통들은 머스크가 아직 주관 은행을 최종 확정하지는 않았지만 이르면 올해 안에 결정을 내릴 가능성이 있으며 전체 주관사단은 이후 구성될 수 있다고 전했다. 다만 시장 상황에 따라 IPO 계획이 연기되거나 철회될 가능성도 배제할 수 없다고 덧붙였다.  브렛 존슨 스페이스X CFO는 최근 사내 메모를 통해 회사가 2026년 상장을 목표로 준비 중이라고 밝혔다. 그는 ""상장이 실제로 이뤄질지, 시점과 기업가치는 여전히 불확실하다""면서도 ""회사가 계획을 성공적으로 실행하고 시장 여건이 뒷받침된다면, 상장을 통해 상당한 자본을 조달할 수 있을 것""이라고 설명했다.  스페이스X는 현재 약 1만 기에 달하는 위성을 운영하며 세계 최대 위성 사업자로 자리 잡았고, 스타링크는 회사의 최대 수익원으로 성장했다.  조달한 자금은 차세대 로켓 '스타십'의 발사 횟수 확대와 우주 기반 AI 데이터센터 구축, 달 기지 '문베이스 알파' 프로젝트 등에 투입될 전망이다. 스페이스X는 미국 항공우주국(NASA)의 아르테미스 달 탐사 프로그램에서도 40억 달러 규모의 핵심 계약을 수행 중이다.",https://n.news.naver.com/mnews/article/123/0002374208
2025-12-20 06:03:00,"'대전·충남 통합 시계 빨라졌다'…與, 6월 선거까지 로드맵 가동","이재명 대통령이 대전·충남 통합 추진을 공식 제안한 지 하루 만에 여당이 전담 기구를 꾸리며 속도전에 나섰다. 정부·여당은 내년 6월 지방선거에서 통합 광역단체장을 선출하기 위해 늦어도 내년 3월까지 관련 절차를 마무리한다는 계획이다.  더불어민주당은 19일 국회 최고위원회의에서 '대전·충남 통합 및 충청발전 특별위원회(충청특위)' 구성을 의결했다. 상임위원장은 황명선 최고위원이 맡았으며, 공동위원장으로 박범계 의원, 박정현 대전시당위원장, 이정문 충남도당위원장이 임명됐다.  황 최고위원은 회의에서 ""대전·충남 통합은 산업·과학·행정·교통이 결합된 초광역 경제권을 만드는 출발점""이라며 ""집권여당으로서 실행 가능한 통합안, 재정·자치 권한의 최대 특례 확보, 내년 6월 지방선거 통합 광역단체장 선출을 목표로 책임 있게 추진하겠다""고 밝혔다.  민주당은 충청특위를 중심으로 시민사회와 전문가 의견을 수렴해 내년 1월까지 '대전·충남 통합 특별법'을 마련하고 늦어도 3월까지 국회 본회의 통과를 추진한다는 목표를 세웠다.  이는 이 대통령이 지난 18일 대전·충남 의원들과의 오찬 간담회에서 ""내년 지방선거 때 통합 자치단체장을 선출할 수 있도록 행정 통합 논의를 서둘러 달라""고 주문한 데 따른 후속 조치다.  대전·충남 통합 구상은 이 대통령의 대선 공약이었던 '5극(수도권·동남권·대경권·중부권·호남권)·3특(제주·강원·전북)' 국가 균형발전 전략의 핵심 과제로 꼽힌다. 여당은 대전과 충남을 통합할 경우 인구 360만 명 규모의 초대형 광역자치단체가 탄생해 서울·경기에 이어 전국 3위 규모의 광역단체가 될 것으로 보고 있다.  ■ 명칭·권한·주민 동의…넘어야 할 산 여전  다만 통합 논의가 급물살을 타고 있는 것과 달리, 넘어야 할 과제와 반발도 적지 않다.  우선 명칭과 행정 중심지 선정 문제가 초기 난제로 떠올랐다. 이 대통령이 '충남·대전특별시' 등 명칭을 언급한 것으로 알려졌지만 당 안팎에서는 ""이름 문제로 통합 논의 자체가 좌초될 수 있다""는 우려도 나온다. 민주당은 별도의 위원회를 꾸려 명칭 공모 등 절차를 검토할 방침이다.  법·제도적 난관도 만만치 않다. 통합이 현실화되려면 재정권과 행정권, 규제 권한 조정은 물론 선거구 조정, 교육감 선거 방식 등 관련 법 개정이 잇따라야 한다.  지역 시민사회와 교육계의 반발도 변수다. 일부 시민단체들은 통합 논의가 주민 동의와 충분한 공론화 없이 진행되고 있다며 '무책임한 행정 실험'이라고 비판하고 있다. 교사노조와 교육청 공무원노조도 ""교육자치 훼손의 우려가 있다""며 반대 입장을 밝혔다.  대전·충남 통합이 충청권 메가시티 구상에 미칠 영향도 논쟁거리다. 두 지역이 하나의 광역단체로 묶일 경우, 세종·충북과 함께 추진 중인 충청권 메가시티 사업이 비대칭 구조로 바뀌면서 실행력과 균형에 차질이 생길 수 있다는 지적이 나온다.  정부는 대전·충남 통합을 지방 소멸 대응과 균형발전의 시험대로 보고 각종 특례와 다양한 인센티브를 제공하겠다는 입장이다. 그러나 통합 효과와 비용, 절차적 정당성을 둘러싼 논란이 이어지고 있어 실제 통합이 성사되기까지는 진통이 불가피할 전망이다.",https://n.news.naver.com/mnews/article/123/0002374207
2025-12-20 06:02:00,"""여기서 더 오른다고?""... 원·달러 환율 '고공행진' 증권가, 전망 살펴보니","원·달러 환율의 고공 행진이 이어지면서 금융시장 전반에 긴장감이 높아지고 있다.  그동안 시장을 지탱해왔던 '고환율은 일시적'이라는 기대가 흔들리자 증권가는 내년 환율 전망치를 일제히 상향 조정하며 상단을 1500원까지 열어두는 분위기다.  외환당국이 규제 완화와 유동성 공급 등 전방위 대응에 나섰지만, 환율 상승 압력은 좀처럼 잦아들지 않고 있다.  18일 한국투자증권은 내년 원·달러 환율 연평균 전망치를 기존 1390원에서 30원 올린 1420원으로 제시했다. 적정 범위는 1350~1500원이다.  문다운 한국투자증권 연구원은 ""10월 이후 환율 상승세가 이어지면서 4분기 평균 환율이 이미 1450원을 넘어섰다""며 ""한 번 높아진 환율 눈높이가 쉽게 낮아지지 않을 것""이라고 분석했다.  한국투자증권은 내년 환율 흐름이 상반기에는 비교적 안정적이지만 연말로 갈수록 다시 오르는 '상저하고' 형태를 띨 것으로 전망했다.  다른 금융기관들도 비슷한 시각을 보이고 있다. BNK투자증권은 내년 평균 환율을 1400원, 변동 범위는 1350~1500원으로 제시했고, KB국민은행은 평균 1390원, 상단은 1450원, 하단은 1330원을 예상했다.  시장에서는 최근 환율이 매크로 펀더멘털로 추정되는 적정 수준을 크게 웃돌고 있음에도 불구하고, 구조적인 달러 강세와 원화 약세 심리가 쉽게 진정되지 않을 것으로 보고 있다.  실제 외환당국의 적극적인 대응에도 시장 반응은 제한적이다. 정부와 관계 부처는 달러 공급 확대를 위해 규제 완화 방안을 내놓고, 대통령실은 주요 대기업을 소집해 환율 대응 긴급 간담회를 열었다.  그러나 원·달러 환율은 1480원대를 위협한 뒤에도 1470원대 후반에서 높은 수준을 유지하고 있다.  이런 가운데 한국은행은 환율 안정을 위한 추가 카드로 금융기관 대상 한시적 규제 완화에 나섰다.  한은은 19일 임시 금융통화위원회를 열고 외환건전성 부담금을 내년 1월부터 6월까지 6개월간 면제하고, 외화 지급준비금에 이자를 지급하기로 결정했다.  이는 금융기관의 외화 차입 비용을 낮춰 달러 공급을 늘리고, 외화 유동성을 국내에 유인함으로써 외환시장 변동성을 완화하겠다는 취지다.  단기적으로는 환율이 숨 고르기에 들어갈 가능성도 거론된다. 일본은행(BOJ)이 기준금리를 인상할 경우 엔화 강세와 함께 엔 캐리 트레이드 청산이 진행되면서 원화도 동반 강세를 보일 수 있다는 분석이다.  조용구 신영증권 연구원은 ""연말 환율은 1460원대까지 내려갈 수 있고, 내년 초에는 1450원 선을 유지할 것""이라고 내다봤다.  다만 중장기적으로는 불확실성이 여전하다. 미국 경기 회복에 따른 달러화 반등, 외환보유액 복원력에 대한 우려, 원화의 외부 충격 민감성 등 구조적 요인이 여전히 환율 상방 압력으로 작용하고 있기 때문이다.  문다운 연구원은 ""특정 이벤트보다는 외환시장 수급 쏠림과 원화 약세 심리가 근본적으로 진정돼야 한다""며 ""그 전까지는 높은 환율 변동성이 이어질 가능성이 크다""고 진단했다.",https://n.news.naver.com/mnews/article/123/0002374206
2025-12-20 06:01:00,기업가치평가 방법-자산가치평가법 [재무회계] 기업가치와 재무제표 분석 중심으로,"자산가치 평가방법은 기업이 현재 보유하고 있는 총자산을 기업가치로 보고 순자산의 가치를 자기자본의 가치로 평가하는 방법이다. 유형자산의 비중이 클 경우 적합한 방법이다.  자산가치는 그 평가방법이 반영이 비교적 단순하고, 객관적이라는 장점을 가지고 있으나, 인적자원, 무형자산 등에 대한 반영이 어렵다는 단점이 존재한다.  자산가치법은 장부가치, 시가평가가치, 청산가치 등을 사용한다.  장부가치법은 기업회계기준에 따라 작성된 재무상태표상의 순자산가액(총자산-총부채)을 자산가치로 평가하는 방법이다.  시가평가가치법은 장부상의 각 자산, 부채를 시가로 재평가한 후 이 재평가금액을 기준으로 순자산가액을 평가하는 방법을 말한다.  청산가치법은 현재 회사가 보유하고 있는 각각의 자산을 처분한다고 할 때 예상처분가격의 합계에서 총부채금액을 차감한 잔여가액을 자산가치로 평가하는 방법을 뜻한다.  ※참고문헌 : 재무제표 분석과 회계부정 적발 ※감수 : 황창연 회계사/세무사(안세회계법인), 김종선 회계사/세무사(태일회계법인)",https://n.news.naver.com/mnews/article/123/0002374205
2025-12-20 05:01:00,"""금융계급제 손본다”…청년·취약계층에 연 3~6% 대출 확대","'가난할수록 이자가 높다'는 금융 불평등 구조를 바로잡기 위한 저금리 정책 대출이 새로 출범한다. 소득과 신용도가 낮을수록 더 높은 이자를 부담해야 했던 구조를 바로잡고 불법 사금융으로 내몰리는 악순환을 차단하겠다는 취지다.  금융위원회는 19일 대통령 업무보고를 통해 고졸·미취업 청년과 기초생활수급자, 채무조정 성실 이행자 등을 대상으로 한 신규 정책서민금융 상품을 내년 1분기부터 순차 출시한다고 밝혔다.  우선 고졸자·미취업 청년의 사회 진입을 돕기 위한 '미소금융 청년상품'이 시범 도입된다. 학원비나 취·창업 준비금 용도로 활용할 수 있으며 금리는 연 4.5%, 한도는 최대 500만원, 만기는 5년이다. 향후 5년간 총 1500억원 규모로 공급된다.  ◆ 기초수급자·차상위계층 생계자금 연 4.5% 지원  기초생활수급자와 차상위계층, 불법사금융 피해 이력을 모두 상환한 차주 등을 대상으로 한 '금융취약계층 생계자금 대출'도 신설된다. 청년상품과 동일하게 연 4.5% 금리, 최대 500만원 한도, 5년 만기 조건이며 5년간 약 5000억원이 투입될 예정이다.  채무조정을 성실히 이행한 차주에 대한 지원도 크게 늘어난다. 채무조정 6개월 이상 성실 상환자를 대상으로 공급해온 연 3~4%대 소액대출의 연간 공급 규모를 기존 1200억원에서 4200억원으로 3배 이상 확대한다. 지원 대상 역시 신용회복위원회 채무조정과 개인회생 이행자뿐 아니라 금융회사 자체 채무조정 성실 상환자까지 포함된다.  무소득자·연체자 등을 위한 불법사금융 예방대출의 금리 부담도 대폭 낮춘다. 현재 연 9.9~15.9% 수준인 금리를 내년부터 연 5~6%대로 인하하고, 전액 상환 시 납부 이자의 50%를 돌려주는 '페이백' 제도를 도입한다. 사회적 배려 대상자에 대해서는 금리를 5%대까지 추가로 인하할 방침이다.  ◆ 성실 상환하면 은행대출 연결해 금융 사다리 복원  또한 정책서민금융을 성실히 상환한 차주가 일반 은행권으로 이동할 수 있도록 '정책-민간 연계 크레딧 빌드업' 체계도 마련된다. 불법사금융 예방대출(연 6%대·100만원 한도)을 상환하면 미소금융(연 4.5%·500만원 한도)을 이용할 수 있고, 이후 은행권 신용대출인 징검다리론(연 9% 이내·3000만원 한도)으로 넘어가는 구조다.  중·저신용자에 대한 자금 공급 확대도 병행된다. 은행 이익을 재원으로 한 새희망홀씨 공급 목표는 올해 3조5000억원에서 2030년 6조원으로 늘어나며, 인터넷전문은행의 중·저신용자 대출 신규 취급 비중 목표도 35%로 상향 조정된다.  청년 자산 형성을 돕기 위한 '청년미래적금'도 내년 6월 출시된다. 정부는 납입액에 맞춰 기여금을 지원하고비과세 혜택을 제공한다. 일반형 금리는 연 6%, 우대형은 12%로, 만기 3년, 월 납입 한도는 50만원이다.  금융위는 ""금융소외 계층이 고금리를 감내해야 하는 구조를 개선하고, 성실 상환자가 정상 금융으로 이동할 수 있는 선순환 체계를 구축하겠다""고 밝혔다.",https://n.news.naver.com/mnews/article/123/0002374204
2025-12-19 20:01:00,‘하루 10만 번 뛰는 심장’ 지키는 8가지 생활 습관,"하루에도 10만 번 이상 뛰는 심장은 잠시도 쉬지 않는다. 하지만 많은 사람은 이 중요한 기관을 돌보는 방법에 대해 깊이 생각하지 않는다. 예방 심장 전문의 루크 라핀(Luke Laffin) 박사는 누구나 일상 속에서 실천할 수 있는 여덟 가지 방법으로 심장을 강화할 수 있다고 조언한다.  19일 라핀 박사에 따르면, 심장 건강을 지키는 첫걸음은 정기적인 건강검진이다. 심장 질환은 미국의 주요 사망 원인 중 하나지만 증상이 뚜렷하지 않아 조기 발견이 어렵다. 그는 ""건강검진은 자신의 심혈관 위험을 이해하고 의사와 건강에 대해 이야기할 수 있는 기회""라고 강조한다. 검진에서는 혈압, 혈당, 콜레스테롤, 심박수 등 핵심 지표를 확인하며 운동 습관과 식습관, 흡연 여부도 함께 점검한다.  두 번째는 주당 최소 150분의 신체 활동이다. 라핀 박사는 운동이 정신 건강과 대사 건강 모두에 도움이 된다고 설명한다. 라핀 박사는 ""운동은 당뇨병과 고혈압을 예방하고 콜레스테롤을 낮추며 작은 움직임이라도 꾸준히 이어가는 것이 중요하다""고 설명했다. 그는 엘리베이터 대신 계단을 이용하거나 주차장을 멀리 사용하는 등 일상 속 실천을 권장했다.  세 번째는 심장에 좋은 식습관을 유지하는 것이다. 과일과 채소, 통곡물, 단백질 위주의 식단이 핵심이며, 소금과 가공식품은 줄여야 한다. 건강한 식사는 단기 다이어트가 아니라 삶의 방식인 점을 인식해야 한다. 아울러 식물성 식품 섭취를 늘리고 단 음식을 줄이는 것만으로도 심장 건강이 크게 개선될 수 있다.  네 번째는 스트레스 관리다. 스트레스가 높으면 코르티솔 분비가 증가해 혈압과 심박수가 상승한다. 라핀 박사는 ""스트레스는 심장 질환의 강력한 위험 요인""이라며 산책, 독서, 명상, 운동 등이 스트레스 완화에 도움이 된다고 덧붙였다.  다섯 번째는 충분한 수면이다. 수면 부족은 염증을 유발하고 혈압을 높이며 체중 증가로 이어질 수 있다. 최소 6시간 이상의 숙면을 취하고 카페인 섭취를 줄이며, 취침 전 스마트폰 사용을 삼가는 것이 좋다.  여섯 번째는 흡연을 중단하는 것이다. 흡연은 심장뿐 아니라 폐와 뇌에도 악영향을 준다. 라핀 박사는 ""흡연과 고콜레스테롤이 결합하면 심장 질환 위험이 두 배가 된다""고 경고했다. 금연은 혈압과 심박수를 낮추고 삶의 질을 향상시킨다.  일곱 번째는 음주를 줄이는 것이다. 과도한 음주는 심박수 증가와 혈압 상승을 유발하고 중성지방을 높인다. 특히 여성의 경우 뇌졸중 위험이 커진다. 술을 줄이면 수면의 질과 체중 관리, 스트레스 완화에도 도움이 된다.  마지막으로 라핀 박사는 건강한 체중 유지를 강조하면서 ""체중을 2~5kg 줄이기만 해도 혈압, 당뇨 위험, 콜레스테롤 수치에 큰 변화가 생긴다""고 조언했다. 그는 유행 다이어트보다는 꾸준한 생활습관 개선을 권하며, 필요 시 의료진과 상담을 통해 체중 감량 계획을 세울 것을 당부했다.  심장 건강의 변화는 단기간에 나타나지 않는다. 그러나 과일과 채소 섭취를 늘리고, 동네를 걷거나, 요가 수업에 참여하는 등의 작은 습관이 모이면 심장 기능은 점차 향상된다. 라핀 박사는 ""생활습관의 변화는 심장 건강에 극적인 영향을 미칩니다. 해볼 만한 가치가 있습니다""라고 강조했다.  한편, 전문가들은 심장 질환 예방의 핵심은 '꾸준한 관리'라고 입을 모은다. 단기적인 변화보다는 장기적인 습관을 유지하는 것이 중요하며, 정기검진과 생활습관 조정이 병행되어야 한다. 또한 의료진과 협력해 개인별 위험요소를 분석하고 실천 가능한 목표를 세우는 것이 심장 건강을 지키는 가장 확실한 방법이라고 조언했다.",https://n.news.naver.com/mnews/article/123/0002374203
2025-12-19 19:01:00,고금리 여파에... 수도권 ‘영끌’ 주택 임의경매 급증,"고금리 장기화의 여파로 수도권 아파트와 오피스텔 등 집합건물의 임의경매 건수가 크게 늘고 있다. 초저금리 시절 대출을 받아 '영끌'로 주택을 매입했던 차주들이 늘어난 이자 부담을 견디지 못하면서 경매 시장으로 내몰리고 있는 것으로 분석된다.  19일 법원 등기정보광장에 따르면 올해 1월부터 11월까지 수도권(서울·경기·인천)에서 임의경매로 인한 집합건물 소유권 이전 등기 신청은 1만1118건으로 집계됐다. 이는 전년 동기(8572건)보다 29.7% 늘어난 수치로 지난해 전체 건수(9570건)도 이미 넘어섰다.  임의경매는 담보대출을 받은 차주가 원리금을 제때 상환하지 못할 경우 채권자가 담보 부동산을 경매에 부쳐 채권을 회수하는 절차다. 전문가들은 임의경매 증가세를 차주의 상환 능력 약화와 누적된 금리 부담의 결과로 보고 있다.  2020년부터 2021년 사이 초저금리 환경에서 1%대 금리로 주택담보대출을 받았던 차주들은 현재 4~5%대로 상승한 금리를 감당해야 하는 상황에 놓였다. 이로 인해 월별 원리금 상환액이 급증하면서 연체율도 함께 높아지고 있다.  이주현 지지옥션 전문위원은 ""2021년에 고정금리로 시작해 5년 후 변동금리로 전환되는 혼합형 주택담보대출이 집중적으로 판매됐다""며 ""내년 이들 대출의 전환 시점이 도래하면서 이자 부담이 더욱 커질 가능성이 있다""고 설명했다.  이 전문위원은 이어 ""기준금리가 현재 수준에서 유지된다면 상환 압박을 버티지 못한 차주들이 늘어나 임의경매 건수도 증가할 것""이라고 전망했다.  한편, 부동산 시장에서는 금리 인하가 지연될 경우 '이자 리스크'가 내년 상반기까지 지속될 것으로 내다보고 있다. 금융권 관계자들은 주택담보대출의 변동금리 비중이 높은 국내 시장 구조상, 금리 인하 전까지 경매 건수 증가세가 이어질 가능성이 크다고 분석했다. 또한 일부에서는 임의경매 증가가 부동산 가격 조정 압력으로 이어질 수 있다는 우려도 제기되고 있다.",https://n.news.naver.com/mnews/article/123/0002374202
